name,ssn,email,phone
Thea Perryn,549-40-0454,tperryn0@yale.edu,535-880-2339
Charin Joist,461-91-2457,cjoist1@dropbox.com,216-833-1995
Felike Pendry,899-22-6869,fpendry2@google.es,957-472-0991
Celle Petti,627-61-4165,cpetti3@constantcontact.com,828-442-6317
Jonas Huck,786-54-4909,jhuck4@mac.com,205-784-7725
Casi Benger,815-50-3448,cbenger5@zimbio.com,637-705-5898
Tamera Kadar,418-96-4190,tkadar6@indiegogo.com,990-459-5277
Cacilia Titchmarsh,596-23-4937,ctitchmarsh7@1und1.de,424-691-7740
Arvin G Andrew,588-02-0347,aandrew8@washington.edu,619-376-6487
Malina Thies,162-14-7966,mthies9@sakura.ne.jp,483-520-7072
Hoebart Doucette,202-71-8530,hdoucettea@columbia.edu,484-471-4578
Bonnee Latchmore,220-78-3386,blatchmoreb@printfriendly.com,986-668-7303
Cori Trace,665-78-2197,ctracec@ezinearticles.com,333-362-9953
Carlee Bailes,241-99-2528,cbailesd@theatlantic.com,165-318-4926
Felicdad Wisam,849-52-2657,fwisame@berkeley.edu,300-749-5174
Sigismond Hammand,542-78-5003,shammandf@parallels.com,268-616-6674
Jacenta Cahalan,424-51-2544,jcahalang@dell.com,459-412-6800
Floyd Dyche,487-74-1369,fdycheh@webmd.com,954-490-0080
Bobbie Luna,555-47-8648,blunai@imdb.com,691-344-3634
Korry Plak,419-49-0400,kplakj@a8.net,956-421-4699
Berri Bramford,350-49-8104,bbramfordk@google.it,881-507-3961
Rana Hoodspeth,844-58-7466,rhoodspethl@yellowpages.com,612-611-0838
Lock Leighfield,859-84-5705,lleighfieldm@live.com,396-410-1810
Cris Peto,208-91-7473,cpeton@vimeo.com,273-926-8841
Carry McGeoch,345-98-5051,cmcgeocho@reference.com,980-169-2821
Dorrie Wakley,846-01-6626,dwakleyp@intel.com,599-168-1713
Derrek Schowenburg,241-43-7120,dschowenburgq@infoseek.co.jp,163-493-7024
Arri Filippucci,680-31-4317,afilippuccir@posterous.com,565-303-4761
Vernor Garvey,432-77-7118,vgarveys@ibm.com,686-769-6384
Francis Blaw,177-15-9205,fblawt@odnoklassniki.ru,771-655-6016
Venita Gipp,677-86-0090,vgippu@ihg.com,995-726-0128
Louise Dumper,491-42-6644,ldumperv@fema.gov,492-616-9963
Gabbie Gimlet,224-24-1256,ggimletw@tinypic.com,797-326-0674
Spencer Comettoi,843-40-3682,scomettoix@buzzfeed.com,382-385-1805
Ricoriki Dimnage,600-39-5111,rdimnagey@bloglovin.com,850-150-4970
Warren O'Haire,420-24-9765,wohairez@chicagotribune.com,713-284-1755
Lawrence Kubasek,643-85-0772,lkubasek10@devhub.com,508-807-1372
Mei Rouf,808-39-0123,mrouf11@ox.ac.uk,382-975-4777
Raddie Dhennin,379-39-6906,rdhennin12@baidu.com,300-306-0477
Jeddy Upston,366-15-2388,jupston13@creativecommons.org,681-892-5092
Larissa McComb,485-52-6698,lmccomb14@rambler.ru,970-944-0824
Griswold Seywood,210-91-5130,gseywood15@list-manage.com,504-185-2328
Bax O'Geaney,142-79-9936,bogeaney16@edublogs.org,555-411-2477
Nertie Guerrero,703-84-7536,nguerrero17@simplemachines.org,573-652-6403
Genia Cogar,349-28-4572,gcogar18@mac.com,917-753-4315
Rocky Paramor,519-71-1908,rparamor19@qq.com,152-340-4083
Melesa Egan,833-48-7902,megan1a@pen.io,897-860-8338
Denna Winnister,222-31-6078,dwinnister1b@cargocollective.com,255-968-5638
Huntington Benoiton,771-27-9687,hbenoiton1c@nhs.uk,786-739-2794
Raddie Vido,776-12-4362,rvido1d@latimes.com,808-162-7931
Tadio Shakelady,872-18-0549,tshakelady1e@typepad.com,670-248-6059
Crissie Feeley,382-56-0290,cfeeley1f@webs.com,966-303-4191
Pearce Mendel,788-84-1661,pmendel1g@wikispaces.com,520-810-6957
Alica Thatcher,511-48-8975,athatcher1h@bing.com,701-962-7462
Stacia Romi,455-20-6794,sromi1i@dion.ne.jp,635-529-9396
Denna Grattan,284-47-6471,dgrattan1j@sciencedaily.com,586-306-5825
Ira Fryers,535-52-6490,ifryers1k@bloglovin.com,681-801-8704
Alard Atrill,741-75-0632,aatrill1l@alexa.com,624-756-1435
Darn Halwood,246-18-1917,dhalwood1m@tinypic.com,653-357-1253
Dorene Warren,252-90-0607,dwarren1n@wikimedia.org,859-577-8813
Tyne Houtby,474-24-3736,thoutby1o@nytimes.com,271-988-0876
Anne-marie MacGovern,888-94-0537,amacgovern1p@weibo.com,790-674-7848
Augie Boobier,260-40-2230,aboobier1q@istockphoto.com,288-786-1787
Langston Milillo,380-49-8871,lmilillo1r@usatoday.com,143-162-9460
Gibby Kenset,699-17-9886,gkenset1s@geocities.com,356-729-6774
Hobard Boules,821-68-1710,hboules1t@squarespace.com,924-159-9850
Garner Oleszczak,120-99-5389,goleszczak1u@marketwatch.com,152-599-6746
Arty Scudamore,570-66-2323,ascudamore1v@disqus.com,327-941-1649
Laurena McAughtry,804-95-0855,lmcaughtry1w@sourceforge.net,577-187-0553
Jules Vogele,563-73-4567,jvogele1x@exblog.jp,426-745-9619
Aubrey Koppe,226-43-2951,akoppe1y@walmart.com,731-373-1360
Krispin D Ayton,270-48-1083,kayton1z@timesonline.co.uk,148-113-0849
Davide St. Louis,555-89-4795,dst20@psu.edu,392-126-4777
Alric Rushford,550-80-5005,arushford21@spiegel.de,870-616-6089
Mada Georger,364-51-7610,mgeorger22@shutterfly.com,782-823-1849
Felike Dahmke,345-34-8684,fdahmke23@uiuc.edu,280-282-3177
Hailey Gieraths,492-58-9785,hgieraths24@vistaprint.com,864-439-6804
Gilligan MacChaell,575-59-4750,gmacchaell25@umn.edu,152-623-1869
Adolphe Giorgeschi,343-21-6584,agiorgeschi26@dagondesign.com,366-312-5332
Stirling Lyall,792-94-5485,slyall27@tinyurl.com,630-616-2039
Biddie Mitchell,335-51-2802,bmitchell28@chron.com,695-231-3985
Reeva Skitch,728-90-8081,rskitch29@wisc.edu,440-920-9017
Sinclair Wabersich,679-81-2307,swabersich2a@oracle.com,340-125-6992
Zenia Keppe,138-12-4665,zkeppe2b@loc.gov,774-342-9057
Dara Goodhall,732-85-7671,dgoodhall2c@deliciousdays.com,717-346-5925
Grace Weinham,865-79-5924,gweinham2d@shutterfly.com,839-612-4003
Jacquenetta Bernardotte,823-96-8083,jbernardotte2e@jimdo.com,910-638-5709
Hugibert Potteridge,188-33-3739,hpotteridge2f@theglobeandmail.com,837-385-5454
Jaimie Troak,343-11-5306,jtroak2g@uiuc.edu,649-875-3018
Romy Hun,272-98-8197,rhun2h@hao123.com,811-109-3465
Mickie Aspy,345-40-9024,maspy2i@163.com,451-464-9950
Lauritz Life,108-91-5020,llife2j@cbc.ca,762-113-1592
Meredithe Vermer,758-15-2282,mvermer2k@shutterfly.com,564-456-5528
Charlene Ladbrooke,478-08-7748,cladbrooke2l@yahoo.co.jp,160-633-5303
Lana Janowski,837-61-4959,ljanowski2m@omniture.com,426-673-5859
Stanly Eggleston,639-86-1247,seggleston2n@simplemachines.org,632-534-6816
Cherida Durrad,268-59-6035,cdurrad2o@cnet.com,102-962-6795
Sarah Kytley,611-51-6962,skytley2p@tripod.com,289-759-2263
Hettie Doxey,576-43-9007,hdoxey2q@infoseek.co.jp,843-877-3511
Filippa Wasselin,521-57-5227,fwasselin2r@nih.gov,125-833-9026
Alika Purtell,345-67-2212,apurtell2s@google.com.hk,347-266-8102
Ernestus Coalburn,513-71-0106,ecoalburn2t@omniture.com,426-228-4916
Reinhard Minihane,330-24-6186,rminihane2u@goo.gl,743-144-5754
Morry Jimpson,314-45-7993,mjimpson2v@independent.co.uk,894-110-4377
Lucine Langsdon,201-64-7031,llangsdon2w@sitemeter.com,409-596-8298
Ediva Eddicott,894-57-8425,eeddicott2x@upenn.edu,566-590-6079
Gregor Ridding,837-37-0338,gridding2y@weather.com,465-803-3645
Katrina Iorillo,276-91-3737,kiorillo2z@flavors.me,728-839-1385
Ilyse Algar,110-87-2258,ialgar30@plala.or.jp,679-369-7532
Wang Kezourec,796-17-6338,wkezourec31@stumbleupon.com,931-796-4275
Tilly Lowin,896-09-9725,tlowin32@vinaora.com,830-161-2948
Jennifer D'Agostini,455-19-7026,jdagostini33@furl.net,259-457-1098
Allie Standon,313-23-2772,astandon34@bigcartel.com,574-500-5315
Teresa Tytherton,480-24-8284,ttytherton35@nydailynews.com,407-265-6222
Peg Georgius,792-44-3113,pgeorgius36@wufoo.com,114-851-1509
Ophelie Fairpo,461-98-0664,ofairpo37@plala.or.jp,463-844-3552
Niels Boother,252-67-8135,nboother38@cargocollective.com,502-278-5243
Joseph Chancelier,295-98-9068,jchancelier39@phpbb.com,944-667-7030
Vlad Buzin,159-60-5860,vbuzin3a@pagesperso-orange.fr,583-859-7562
Bink Feldman,634-76-9863,bfeldman3b@qq.com,600-240-4373
Taffy Beynon,561-32-4179,tbeynon3c@ftc.gov,150-215-2799
Patty Boncore,604-26-8683,pboncore3d@yolasite.com,648-817-6416
Casie Firby,819-67-5804,cfirby3e@hibu.com,691-820-0482
Byran Pinkerton,850-13-5539,bpinkerton3f@friendfeed.com,484-407-8283
Caryl Hourston,740-24-3935,chourston3g@reuters.com,783-471-5128
Jordain Rainton,117-18-4157,jrainton3h@tinyurl.com,460-425-7094
Colleen Baus,730-49-1560,cbaus3i@whitehouse.gov,907-274-1678
Tammie Riddington,135-30-6405,triddington3j@netlog.com,142-734-1074
Cooper Kentish,754-80-7711,ckentish3k@webs.com,552-690-5454
Odo Verrick,592-46-2250,overrick3l@paypal.com,431-623-4330
Marchelle Tewes,781-95-8659,mtewes3m@wunderground.com,901-591-4808
Leo Anan,517-54-4014,lanan3n@newyorker.com,808-396-8278
Vivie Orvis,151-84-5522,vorvis3o@nationalgeographic.com,494-478-2848
Clywd Denty,154-24-8241,cdenty3p@qq.com,103-473-1798
Evered Guerrazzi,611-57-2124,eguerrazzi3q@unicef.org,393-180-9261
Cyrillus Jackson,408-16-1522,cjackson3r@google.co.jp,934-171-9525
Eachelle Glide,899-20-4512,eglide3s@blogs.com,526-991-1670
Tulley Hadigate,570-41-5671,thadigate3t@cnbc.com,354-999-8128
Rudyard Ezzell,399-68-5200,rezzell3u@mediafire.com,184-506-0595
Gabi Stadding,554-82-0380,gstadding3v@dailymotion.com,596-329-6880
Sanders Frankland,829-60-9563,sfrankland3w@oakley.com,870-283-5803
Ulrika Beachem,224-49-4162,ubeachem3x@wunderground.com,538-556-9763
Nicolai Strond,192-68-8794,nstrond3y@fema.gov,558-203-2277
Oriana Ivshin,846-11-1827,oivshin3z@lycos.com,539-844-5701
Dorolisa Aronstein,148-91-6982,daronstein40@xing.com,630-788-7629
Leslie Beames,362-30-5293,lbeames41@imgur.com,727-812-6567
Kyla Hackleton,141-02-3755,khackleton42@naver.com,384-945-7940
Chicky Duckitt,501-82-8651,cduckitt43@bravesites.com,885-193-9773
Julian St. Leger,225-81-5863,jst44@marketwatch.com,770-720-2450
Margo Binch,738-59-4602,mbinch45@odnoklassniki.ru,905-810-4393
Charlotta Colling,722-05-0091,ccolling46@yellowbook.com,859-555-4612
Ruggiero Curnucke,506-91-4469,rcurnucke47@constantcontact.com,670-278-3148
Liana Dignam,717-49-4678,ldignam48@oaic.gov.au,606-904-3934
Ruperto Kuzemka,397-60-7176,rkuzemka49@imgur.com,293-222-0354
Arthur Kalvin,749-10-2164,akalvin4a@psu.edu,984-160-2496
Mahmud Artus,479-64-3444,martus4b@ihg.com,546-238-4822
Simeon Waltho,305-44-7872,swaltho4c@addtoany.com,505-187-7534
Dana Ixor,138-16-4037,dixor4d@indiegogo.com,127-142-8237
Yetty Kinastan,277-41-2535,ykinastan4e@aol.com,663-384-0550
Anastasie Brickhill,781-45-1564,abrickhill4f@ft.com,932-645-2532
Juana Willbond,811-87-6489,jwillbond4g@biblegateway.com,230-994-9727
Jemimah Heineke,830-91-7392,jheineke4h@google.nl,537-402-9400
Eleonora Tarbert,307-75-3715,etarbert4i@ebay.com,313-196-2605
Orton Hammand,786-15-9227,ohammand4j@about.me,782-736-1077
Crin Shenfisch,555-19-7322,cshenfisch4k@scientificamerican.com,718-393-3293
Zuzana Loch,571-41-7958,zloch4l@epa.gov,447-537-9296
Steve Durban,870-63-1025,sdurban4m@xinhuanet.com,768-279-3586
Carolann O'Codihie,502-09-8310,cocodihie4n@cdbaby.com,944-860-1339
Netta Armfirld,122-34-1923,narmfirld4o@alibaba.com,572-540-0695
Phil Kinman,253-53-0726,pkinman4p@cafepress.com,333-276-2464
Jania Maycock,264-30-4526,jmaycock4q@elpais.com,220-474-0659
Alley Moyser,718-34-2381,amoyser4r@ucoz.ru,480-947-5126
Timotheus O'Farrell,195-49-8514,tofarrell4s@thetimes.co.uk,414-306-7557
Ronica Figliovanni,571-98-7676,rfigliovanni4t@yale.edu,455-198-2089
Perry Rothery,821-78-2466,prothery4u@google.es,866-197-0040
Goldie Sans,409-93-8728,gsans4v@discovery.com,181-973-8475
Vivienne Camellini,488-14-0589,vcamellini4w@deviantart.com,975-862-2552
Issiah Hubner,246-24-0125,ihubner4x@ihg.com,105-831-1226
Celestina Hedaux,858-79-8243,chedaux4y@skype.com,425-766-5573
Shalna Drewitt,677-14-4625,sdrewitt4z@microsoft.com,246-594-1113
Mimi O'Glessane,645-75-6526,moglessane50@linkedin.com,222-117-0077
Lia Normansell,129-99-0281,lnormansell51@meetup.com,289-840-6314
Fanya Player,659-91-2391,fplayer52@ifeng.com,638-736-4678
Killy Sabin,703-72-0913,ksabin53@quantcast.com,765-124-3437
Freddie Meere,457-92-7913,fmeere54@live.com,443-184-3955
Federico Grimwade,375-61-3117,fgrimwade55@bigcartel.com,575-418-6275
Melitta Trebilcock,706-68-7963,mtrebilcock56@baidu.com,904-341-5548
Beatriz Setter,148-84-1508,bsetter57@domainmarket.com,509-159-5992
Salmon Amoss,534-57-7872,samoss58@theguardian.com,928-906-2551
Ara Siveyer,476-34-1428,asiveyer59@netscape.com,336-294-1194
Kare Lavielle,611-16-9342,klavielle5a@webnode.com,155-384-2382
Brose Brushfield,393-30-2552,bbrushfield5b@goodreads.com,727-653-4941
Vanny Byrcher,659-03-2920,vbyrcher5c@scribd.com,826-428-0458
Gabriella O'Lunny,622-13-4131,golunny5d@github.io,622-501-1523
Em Farnham,580-86-4883,efarnham5e@reference.com,838-962-8517
Jenelle Creegan,181-97-4383,jcreegan5f@ucoz.ru,142-845-4822
Liv Saunder,483-86-3919,lsaunder5g@eepurl.com,641-589-0777
Renie Morena,788-26-2714,rmorena5h@columbia.edu,613-305-3360
Florenza Itzakovitz,652-59-9924,fitzakovitz5i@hao123.com,665-799-5216
Welbie Clinch,740-30-5421,wclinch5j@sciencedaily.com,875-798-8373
Bettina Oates,163-38-5994,boates5k@wisc.edu,915-102-6031
Kym Farryann,273-55-3231,kfarryann5l@unblog.fr,166-373-9198
Katy Winskill,371-36-6869,kwinskill5m@is.gd,304-393-6955
Dew Herrieven,733-70-3752,dherrieven5n@naver.com,830-473-7218
Marybelle Iannuzzi,466-02-6589,miannuzzi5o@nhs.uk,203-501-8697
Brewer Djorevic,280-50-0754,bdjorevic5p@indiatimes.com,564-714-5853
Isabelita Real,272-17-2477,ireal5q@usa.gov,152-617-9746
Granny Skones,399-32-1522,gskones5r@reference.com,901-631-0651
Tracee Sleicht,859-16-8326,tsleicht5s@homestead.com,885-162-9132
Marleah Bangham,783-64-5527,mbangham5t@webmd.com,536-167-9009
Ari Kiwitz,627-90-5966,akiwitz5u@homestead.com,913-231-6532
Simonne Cornbill,241-73-6670,scornbill5v@yahoo.com,937-552-9726
Valentia Fricker,101-73-1060,vfricker5w@gov.uk,430-656-1414
Ammamaria Prott,138-01-3124,aprott5x@google.pl,933-251-8369
Frederic Braunthal,875-09-8771,fbraunthal5y@imgur.com,774-519-2411
Innis Youd,196-27-2948,iyoud5z@prweb.com,223-523-6987
Albie Huck,157-12-1818,ahuck60@de.vu,153-379-9544
Omero Govier,509-98-6940,ogovier61@wikia.com,674-757-3101
Gwennie Dowse,679-57-1434,gdowse62@is.gd,363-615-9425
Miller Eliot,713-47-3200,meliot63@list-manage.com,550-176-6366
Vinnie Artingstall,225-67-7967,vartingstall64@wordpress.com,133-976-2771
Ramonda Benam,752-78-2432,rbenam65@boston.com,839-510-5843
Tyrus Eagleston,451-86-4147,teagleston66@cbslocal.com,665-947-6779
Marni Corday,162-18-9476,mcorday67@moonfruit.com,139-856-1941
Margaux Gourley,213-97-3187,mgourley68@furl.net,252-729-4630
Dorena Fills,737-74-2389,dfills69@wiley.com,308-169-8643
Barnebas Considine,114-88-9454,bconsidine6a@cbc.ca,360-931-1178
Ariella Gras,368-25-6224,agras6b@google.pl,899-579-4136
Sunshine Kinsell,404-10-4014,skinsell6c@craigslist.org,538-850-2583
Eada Learmonth,693-43-6298,elearmonth6d@youku.com,207-200-9753
Lucienne Arlett,157-29-9510,larlett6e@loc.gov,282-114-7475
Tabby Bouller,685-31-9796,tbouller6f@webmd.com,730-556-5155
Raoul Valentinuzzi,816-58-1873,rvalentinuzzi6g@ustream.tv,901-939-5685
Mord Douthwaite,197-23-2500,mdouthwaite6h@techcrunch.com,746-311-0557
Nertie Quantick,730-66-6053,nquantick6i@gnu.org,337-457-0596
Katusha Boatswain,714-17-5003,kboatswain6j@dion.ne.jp,485-316-9755
Dena Fyldes,801-37-6542,dfyldes6k@sphinn.com,660-823-6450
Livvy Jaskiewicz,587-19-4609,ljaskiewicz6l@earthlink.net,542-252-3219
Terrill Pulley,616-63-4561,tpulley6m@cnbc.com,398-500-2669
Marj Smead,436-57-7891,msmead6n@webnode.com,814-284-3687
Estella McLernon,216-60-5081,emclernon6o@hubpages.com,811-677-3885
Ninnetta Bertin,458-90-5531,nbertin6p@nydailynews.com,184-170-3822
Zarah Rummings,706-09-9665,zrummings6q@wordpress.com,902-835-8551
Odetta Radish,728-19-2794,oradish6r@tinypic.com,132-272-3540
Catlin Gerrans,452-41-4714,cgerrans6s@homestead.com,194-582-0953
John Gooderidge,522-90-4796,jgooderidge6t@youtu.be,500-664-4260
Elmira Wick,263-32-1027,ewick6u@illinois.edu,364-996-1853
Broddy Lowre,576-81-1323,blowre6v@eventbrite.com,915-882-4911
Moss Simanek,227-47-2528,msimanek6w@nih.gov,337-468-0988
Ayn Gierke,478-51-2289,agierke6x@google.cn,304-799-6017
Phedra Thirlaway,787-96-8609,pthirlaway6y@tripod.com,706-986-2526
Arlana Lillecrap,522-19-7085,alillecrap6z@bravesites.com,641-414-6534
Eli Saben,368-70-4712,esaben70@blogs.com,591-323-1624
Karly Moncrefe,710-06-2892,kmoncrefe71@constantcontact.com,498-902-0606
Mathew Dogg,577-16-9116,mdogg72@jiathis.com,594-192-3555
Luce Curlis,384-33-9793,lcurlis73@pinterest.com,698-971-1278
Gunther Pechet,515-47-1230,gpechet74@qq.com,617-724-4384
Karlik Scholz,268-98-3533,kscholz75@netvibes.com,410-783-0436
Joyce Stopher,815-54-1567,jstopher76@apple.com,223-747-3227
Atlanta Allan,733-80-0933,aallan77@free.fr,479-579-1184
Preston Moye,679-76-6375,pmoye78@taobao.com,105-604-3526
Martyn Cavozzi,500-70-9920,mcavozzi79@reference.com,129-532-2709
Deane Molohan,781-20-4818,dmolohan7a@noaa.gov,776-574-0004
Concordia Kenaway,802-45-8325,ckenaway7b@plala.or.jp,535-648-7811
Hailey Kynaston,458-75-2408,hkynaston7c@usa.gov,780-423-8287
Georas Blanckley,200-66-7388,gblanckley7d@uiuc.edu,948-596-7905
Glen Dumbleton,216-84-8403,gdumbleton7e@weather.com,248-149-8866
Gerardo Halbeard,533-31-4731,ghalbeard7f@opera.com,324-990-7799
Gwenni Spillman,278-45-5970,gspillman7g@weibo.com,685-640-3028
Rodina Rodda,633-89-5695,rrodda7h@shareasale.com,398-235-2501
Stearne Bridgen,776-27-0486,sbridgen7i@archive.org,915-748-9048
Josi Bank,273-71-8792,jbank7j@craigslist.org,163-871-3803
Lukas Rawson,246-89-5583,lrawson7k@de.vu,783-259-2830
Corey Lount,486-19-7502,clount7l@spiegel.de,295-213-4632
Edyth Rushman,456-21-4023,erushman7m@a8.net,959-531-9484
Zerk Tran,363-11-5669,ztran7n@purevolume.com,725-328-7321
Nathanil Trangmar,812-77-6482,ntrangmar7o@mayoclinic.com,210-361-5156
Judie Stonehewer,593-34-6937,jstonehewer7p@printfriendly.com,289-964-2006
Warner Janouch,837-58-7348,wjanouch7q@elpais.com,861-948-2099
Denney Fealty,614-17-1373,dfealty7r@icio.us,649-164-7127
Ailbert Dossett,494-08-5685,adossett7s@github.com,128-543-4879
Margalo Anfossi,731-85-9645,manfossi7t@squidoo.com,974-978-5881
Forester Forsard,241-78-6094,fforsard7u@a8.net,422-465-7495
Wilhelm Manilove,791-26-4394,wmanilove7v@ft.com,410-664-2482
Blaire Worthing,626-44-5477,bworthing7w@arstechnica.com,670-668-9429
Ned Blench,267-13-5101,nblench7x@lycos.com,186-637-2715
Halette Foster-Smith,353-59-6741,hfostersmith7y@yelp.com,597-576-2514
Marcellina Jeffries,488-52-5417,mjeffries7z@census.gov,111-753-2750
Elinore Pettecrew,703-11-2910,epettecrew80@scientificamerican.com,725-759-3517
Guillemette Roderham,777-29-8256,groderham81@feedburner.com,977-435-0449
Anthea Tichelaar,435-86-5722,atichelaar82@bizjournals.com,296-397-4441
Phyllida Gasker,407-23-1732,pgasker83@examiner.com,277-656-3305
Cindy Shepstone,134-57-3814,cshepstone84@godaddy.com,176-841-2186
Bartolemo York,882-41-2199,byork85@sourceforge.net,154-798-0273
Chrissie Le Claire,576-35-5127,cle86@mapy.cz,696-613-6653
Mart Littlepage,546-94-6778,mlittlepage87@disqus.com,171-884-2104
Nikolaos Whitland,404-29-4666,nwhitland88@bloglines.com,790-238-1644
Tomasine Annies,481-36-5603,tannies89@smh.com.au,203-983-3841
Cosmo Costan,504-68-9906,ccostan8a@vistaprint.com,347-910-5625
Jenifer Gilcriest,749-25-3653,jgilcriest8b@businesswire.com,950-727-0448
Nissy MacIntyre,105-46-5722,nmacintyre8c@hibu.com,972-390-1043
Martino Ferrick,352-11-8169,mferrick8d@baidu.com,993-343-2482
Nollie Joblin,157-70-4644,njoblin8e@google.it,857-952-3737
Moll Amaya,763-08-4950,mamaya8f@people.com.cn,313-272-2119
Binni Adamo,167-92-0448,badamo8g@engadget.com,908-748-2797
Catha Grzeszczak,744-76-3521,cgrzeszczak8h@nps.gov,474-790-9585
Gaynor Soppit,870-47-6253,gsoppit8i@xing.com,640-304-6002
Linette Goldes,235-83-2188,lgoldes8j@etsy.com,383-102-7883
Laurie Boyen,476-70-0225,lboyen8k@patch.com,782-762-6911
Bronson Rouse,106-93-7629,brouse8l@salon.com,157-322-9361
Frances Breydin,512-47-0840,fbreydin8m@ibm.com,214-743-4051
Ingrim Bordessa,507-82-6026,ibordessa8n@nifty.com,522-460-3799
Isidore Flute,711-14-0121,iflute8o@cbsnews.com,798-203-1992
Tobey Marques,819-22-5648,tmarques8p@hugedomains.com,436-804-5645
Cecile Congreve,231-63-7441,ccongreve8q@ifeng.com,610-813-2490
Catarina Gunningham,400-88-1653,cgunningham8r@opera.com,883-783-2497
Nonah Fransinelli,273-62-4367,nfransinelli8s@over-blog.com,796-296-7303
Alexine Sturridge,875-35-8072,asturridge8t@naver.com,975-667-8547
Claresta Raft,575-56-2239,craft8u@omniture.com,275-255-9906
Letisha Blucher,527-19-4012,lblucher8v@netvibes.com,693-102-6766
Gaylord Rottger,750-70-1808,grottger8w@ihg.com,418-689-1837
Cy Twentyman,742-28-4427,ctwentyman8x@apple.com,891-771-1467
Jorge Hearnaman,543-40-9112,jhearnaman8y@phpbb.com,253-879-5435
Antonius Ervine,227-11-4763,aervine8z@delicious.com,293-667-4717
Robinette Barthelemy,464-20-5628,rbarthelemy90@businessweek.com,151-176-8027
Burk Collocott,325-92-0208,bcollocott91@intel.com,114-487-4929
Boycey Lepard,846-35-6682,blepard92@wikia.com,211-168-6752
Page Tufts,634-77-1783,ptufts93@clickbank.net,171-628-2603
Sophie Dimelow,855-89-8255,sdimelow94@auda.org.au,541-762-3414
Rozanne Shrive,232-97-2747,rshrive95@wikipedia.org,380-103-4100
Jasmin Francino,130-45-1162,jfrancino96@mapquest.com,249-638-5507
Stevana Douris,582-57-6865,sdouris97@xrea.com,231-875-3302
Lita Szubert,373-94-8674,lszubert98@umn.edu,896-231-9967
Chris Gergolet,315-68-0912,cgergolet99@wikipedia.org,583-862-0329
Devinne Lancaster,262-93-4605,dlancaster9a@mac.com,299-980-5685
Simona Guillard,602-06-3217,sguillard9b@xrea.com,791-163-0177
Maurita Tomalin,336-52-8729,mtomalin9c@nature.com,216-449-2960
Charles Whenman,245-63-0403,cwhenman9d@cdc.gov,533-621-2542
Lishe Lawes,444-68-3279,llawes9e@cam.ac.uk,125-556-4683
Bevin Gyngell,265-04-3728,bgyngell9f@toplist.cz,480-189-9430
Dode Giacomuzzo,249-65-7318,dgiacomuzzo9g@fc2.com,156-203-0585
Heddie Kerrane,603-75-4032,hkerrane9h@ow.ly,955-644-3695
Kamila Pannett,764-39-5577,kpannett9i@usgs.gov,718-527-2472
Lucien Ricco,147-75-5635,lricco9j@so-net.ne.jp,722-334-8873
Lanae Cawt,887-22-8600,lcawt9k@miitbeian.gov.cn,299-247-5908
Wake Shier,573-47-5892,wshier9l@nasa.gov,966-148-1710
Flory McCard,480-55-0840,fmccard9m@booking.com,941-385-1824
Graehme Garfit,468-40-3926,ggarfit9n@rakuten.co.jp,479-101-5734
Ahmed Francescuzzi,538-41-9648,afrancescuzzi9o@deliciousdays.com,403-265-5701
Algernon Stubbings,517-07-9411,astubbings9p@globo.com,807-587-3067
Tonie Plumbley,172-72-0078,tplumbley9q@washington.edu,852-904-8345
Connor Pruckner,649-30-6355,cpruckner9r@cafepress.com,861-139-6510
Hildagarde Cheves,362-72-7880,hcheves9s@fema.gov,646-499-5604
Janenna Sends,531-06-5118,jsends9t@blinklist.com,752-376-6243
Gertrudis Orchart,253-11-7887,gorchart9u@samsung.com,517-509-7818
Bab Sandiford,629-96-1741,bsandiford9v@mapy.cz,472-428-8180
Joella Edlin,567-30-6351,jedlin9w@sciencedaily.com,510-793-3165
Estel Townrow,481-84-2175,etownrow9x@intel.com,674-890-6085
Norris Pressnell,539-29-1014,npressnell9y@java.com,546-852-4097
Arielle Haslock(e),747-35-3619,ahaslocke9z@umich.edu,754-616-0052
Geneva Gaskins,459-72-8092,ggaskinsa0@behance.net,711-306-7892
Mariquilla Baggaley,379-06-0597,mbaggaleya1@lycos.com,390-982-4280
Filbert Orthmann,823-95-9891,forthmanna2@ask.com,952-128-2202
Jorey Boulsher,653-91-4084,jboulshera3@cocolog-nifty.com,272-293-7884
Minetta McIndrew,371-99-9034,mmcindrewa4@e-recht24.de,293-490-2834
Virgie Andersen,274-75-4504,vandersena5@opensource.org,792-487-8044
Kale Pittson,444-71-4980,kpittsona6@theatlantic.com,581-661-2989
Edith Rawe,218-17-2360,erawea7@macromedia.com,653-309-2049
Mia Blackledge,633-05-2647,mblackledgea8@ibm.com,893-510-5944
Nicol Edie,126-93-1869,nediea9@hud.gov,585-136-1467
Caldwell Gamble,325-26-4756,cgambleaa@163.com,940-503-3117
Henrieta Kirtland,881-05-5076,hkirtlandab@ca.gov,584-301-5580
Adah Capelow,659-35-6469,acapelowac@last.fm,238-642-5904
Arv Lissimore,395-73-5833,alissimoread@wikispaces.com,682-986-2322
Piper Antonsson,125-50-9886,pantonssonae@hibu.com,792-337-8755
Cami Orford,116-46-4284,corfordaf@mozilla.com,754-629-1573
Ermina Petera,553-19-4155,epeteraag@g.co,830-238-7969
Kareem Hallen,552-26-6179,khallenah@auda.org.au,462-112-9972
Iago Bebbell,117-17-4388,ibebbellai@fotki.com,297-238-5429
Aeriela Owthwaite,113-10-0899,aowthwaiteaj@wikimedia.org,694-428-7802
Joscelin Coughlin,404-27-2041,jcoughlinak@webs.com,634-641-0115
Delores Gillinghams,899-24-8507,dgillinghamsal@dagondesign.com,786-752-7403
Walther Hawtin,764-70-3096,whawtinam@weibo.com,540-533-4359
Oliy Karczinski,420-89-5590,okarczinskian@symantec.com,844-482-4510
Lisbeth Ainley,870-63-6218,lainleyao@msu.edu,434-311-5124
Elyn Illsley,481-09-5948,eillsleyap@mapy.cz,279-148-7626
Salomo Maysor,317-39-2118,smaysoraq@scientificamerican.com,863-263-0070
Dilan Millier,206-68-7330,dmillierar@businessinsider.com,177-623-9861
Cecily Matthisson,156-57-5755,cmatthissonas@microsoft.com,937-377-4269
Ara Scinelli,731-57-8816,ascinelliat@reddit.com,820-139-2172
Monika McPeake,698-14-8232,mmcpeakeau@noaa.gov,872-618-4111
Ephraim Innes,786-65-5993,einnesav@ifeng.com,773-648-5304
Elinor Coulston,599-03-2902,ecoulstonaw@amazon.de,928-496-3342
Amalie Ismirnioglou,109-86-9070,aismirnioglouax@uol.com.br,291-671-1535
Saraann Ash,347-12-0755,sashay@imgur.com,854-270-7153
Amandy Beedell,187-29-5516,abeedellaz@example.com,696-163-0686
Lonee Lambarton,164-87-7755,llambartonb0@etsy.com,545-519-1502
Darcy Robbie,688-77-0871,drobbieb1@histats.com,458-122-9256
Tiebout Lofthouse,709-70-8898,tlofthouseb2@odnoklassniki.ru,288-518-9382
Roanna Felderer,738-70-6433,rfeldererb3@earthlink.net,116-351-4986
Michal Tregunnah,137-86-1171,mtregunnahb4@desdev.cn,963-505-8207
Bernetta Stock,173-85-0110,bstockb5@latimes.com,367-178-5578
Milton Heers,389-53-4106,mheersb6@illinois.edu,244-650-6535
Alexandrina Seccombe,169-99-0354,aseccombeb7@flavors.me,169-187-7680
Cecelia Norton,762-27-1522,cnortonb8@over-blog.com,458-821-7604
Gratiana Mohun,824-68-8346,gmohunb9@plala.or.jp,298-509-5909
Normand Koenraad,245-87-6447,nkoenraadba@yahoo.com,709-656-0089
Christina Latliff,758-01-8655,clatliffbb@typepad.com,317-180-0597
Coop Hatto,689-45-2779,chattobc@yelp.com,582-186-2646
Burke Shepland,665-76-3196,bsheplandbd@fema.gov,597-629-3584
Muriel McIlmorie,591-12-0604,mmcilmoriebe@networksolutions.com,722-198-6722
Binky Nyland,522-92-4227,bnylandbf@example.com,831-103-4174
Sioux Bawme,829-18-7204,sbawmebg@jalbum.net,474-456-0963
Abraham Sabben,171-53-4255,asabbenbh@un.org,353-636-4813
Sib Lowey,164-10-0320,sloweybi@ebay.co.uk,186-346-1550
Boot Sweetsur,504-10-7618,bsweetsurbj@facebook.com,237-781-3087
Pen Marron,601-34-2843,pmarronbk@ustream.tv,916-573-5138
Marco MacRitchie,103-54-6094,mmacritchiebl@mapquest.com,186-478-1705
Jen Sugars,285-39-0912,jsugarsbm@blogs.com,118-146-7970
Theresa Hendriks,709-55-6923,thendriksbn@google.ru,504-807-3435
Leonie Izkovitz,660-35-4278,lizkovitzbo@typepad.com,321-870-6214
Babbette Nelhams,794-52-5439,bnelhamsbp@ning.com,982-589-4968
Micah Spillane,346-84-2450,mspillanebq@virginia.edu,506-183-8899
Flo Lidbetter,719-07-2239,flidbetterbr@sciencedirect.com,994-706-3131
Corbett Frostdyke,198-23-4485,cfrostdykebs@wikispaces.com,490-663-0710
Rafe B12 Edser,721-97-9182,redserbt@printfriendly.com,870-421-5818
Horace Mayes,674-46-2306,hmayesbu@cisco.com,749-242-07208
Kamila Wisham,868-46-6573,kwishambv@diigo.com,632-940-1439
Pauly MacCoughen,427-88-6039,pmaccoughenbw@photobucket.com,700-414-4460
Beulah Godlip,698-75-7083,bgodlipbx@wikimedia.org,881-970-3384
Daveta Hanham,747-31-0632,dhanhamby@hibu.com,783-905-9625
Dory Caistor,291-26-6964,dcaistorbz@berkeley.edu,482-424-2973
Lurlene Mines,369-84-6881,lminesc0@ucla.edu,208-504-6498
Glynnis Clineck,320-95-4747,gclineckc1@unesco.org,396-441-6708
Jenna Milby,416-99-6925,jmilbyc2@fastcompany.com,563-731-6093
Kelbee Kidner,296-82-4532,kkidnerc3@bravesites.com,282-727-9333
Carlo Bernardi,317-94-1646,cbernardic4@cpanel.net,502-241-7036
Chloette Hambrick,238-04-5019,chambrickc5@ft.com,937-273-0325
Ofelia Michelle,414-24-6367,omichellec6@cdbaby.com,203-949-8266
Clywd Croome,684-60-9479,ccroomec7@behance.net,802-615-3748
Travus Rosendale,290-84-1871,trosendalec8@yahoo.co.jp,121-949-2354
Amble Castellet,132-44-6911,acastelletc9@clickbank.net,194-828-6676
Celle Kinforth,578-77-5465,ckinforthca@mozilla.org,310-535-5251
Burt Alflat,249-69-8259,balflatcb@imageshack.us,409-915-0387
Amabel Scholtz,706-32-4202,ascholtzcc@miibeian.gov.cn,724-715-1870
Arlan Rayman,458-74-8750,araymancd@google.com.br,601-190-0425
Verge Gurdon,632-10-4605,vgurdonce@oracle.com,414-531-3336
Rhea Mabon,524-55-0813,rmaboncf@nifty.com,505-449-4065
Dion Kubik,642-40-3529,dkubikcg@ask.com,595-252-5120
Goldi Brose,841-43-3035,gbrosech@nsw.gov.au,766-330-3327
Maia Scherer,600-91-9177,mschererci@archive.org,498-694-5381
Elane Chandlar,496-92-9055,echandlarcj@com.com,789-625-2621
Terri Rogier,522-35-4808,trogierck@altervista.org,586-654-8075
Carlye Crackett,838-94-9851,ccrackettcl@virginia.edu,637-699-2732
Analiese Peeters,100-79-0774,apeeterscm@webnode.com,879-870-1767
Paxon Leese,536-31-5088,pleesecn@wordpress.com,133-985-5494
Shae Ferraron,776-17-8430,sferraronco@usda.gov,542-938-3007
Avery Reichelt,278-94-0966,areicheltcp@weibo.com,236-816-8369
Consalve Kyffin,770-47-2037,ckyffincq@google.com,863-642-2174
Kienan Tubbs,154-64-9559,ktubbscr@google.co.uk,969-988-8741
Ortensia Dannohl,616-68-0146,odannohlcs@fc2.com,968-930-4750
Carmen Ferenczi,604-84-5182,cferenczict@guardian.co.uk,594-597-1821
Inna Syson,726-87-0368,isysoncu@globo.com,133-611-9195
Demott Sawtell,225-73-4682,dsawtellcv@springer.com,616-324-2281
Kinny Rydings,197-41-9990,krydingscw@de.vu,273-882-5414
Kat Badby,349-71-4496,kbadbycx@goo.gl,728-876-3490
Orren Martignoni,103-99-9980,omartignonicy@huffingtonpost.com,412-200-4199
Fifi Leggon,114-16-6474,fleggoncz@chicagotribune.com,768-569-2327
Carole Risman,529-14-8897,crismand0@tmall.com,886-716-7403
Jasmin Bridgwater,765-68-5596,jbridgwaterd1@discovery.com,953-180-2532
Ives Molson,434-72-0363,imolsond2@constantcontact.com,511-314-5862
Khalil Poser,592-73-9277,kposerd3@gnu.org,221-816-6207
Carmita Mostyn,837-16-2803,cmostynd4@nydailynews.com,588-901-8764
Yulma Yushmanov,170-33-7190,yyushmanovd5@cdc.gov,323-636-0467
Brandy Mercik,734-55-1812,bmercikd6@weebly.com,841-286-0470
Venus Nutbeem,301-48-4319,vnutbeemd7@behance.net,215-479-9636
Xena Duchant,392-08-5101,xduchantd8@go.com,898-579-3562
Myrtia Pirdy,350-62-6785,mpirdyd9@eventbrite.com,330-700-1022
Kanya Z. Pezey,452-61-3100,kpezeyda@yolasite.com,687-461-7124
Marylou Davidoff,723-56-9444,mdavidoffdb@studiopress.com,542-632-8157
Klemens Richings,160-38-2635,krichingsdc@csmonitor.com,254-732-2518
Eugene Caudrelier,448-30-1876,ecaudrelierdd@yolasite.com,734-986-5383
Marlene Graalmans,158-80-0427,mgraalmansde@multiply.com,216-685-9860
Birk Bambrick,266-15-5364,bbambrickdf@omniture.com,133-424-5766
Roddie Bushnell,865-67-6789,rbushnelldg@chronoengine.com,987-733-7901
Freda Venes,509-39-4680,fvenesdh@bravesites.com,310-139-6269
Derrik Llewellyn,286-67-9978,dllewellyndi@fastcompany.com,740-177-7415
Marilee Mcwhinney,863-39-8303,mmcwhinneydj@canalblog.com,237-176-7661
Chelsae Werrit,499-08-5179,cwerritdk@freewebs.com,206-224-3320
Maje Cutajar,710-29-8355,mcutajardl@newsvine.com,275-439-5628
Dre Chavrin,546-88-9715,dchavrindm@ft.com,306-976-4310
Dina Shorte,244-65-4089,dshortedn@smugmug.com,111-409-7418
Alexa Grossier,621-84-0410,agrossierdo@dmoz.org,504-640-8018
Kore Gerardet,501-01-0710,kgerardetdp@aol.com,843-608-5991
Tory Eykelhof,257-73-4722,teykelhofdq@creativecommons.org,225-865-7060
Karoline Heaker,361-27-9660,kheakerdr@state.tx.us,364-532-3889
Florenza Russo,330-56-6183,frussods@businessweek.com,388-700-0189
Guntar Whittle,857-96-3605,gwhittledt@house.gov,801-242-0776
Addia Perry Golsthorp,865-64-7758,agolsthorpdu@cdc.gov,551-947-1665
Selestina MacAlpine,429-86-3445,smacalpinedv@xinhuanet.com,894-811-2676
